"","baseMean","log2FoldChange","lfcSE","stat","pvalue","padj","Gene_symbol"
"AT1G08830",4600.30562492202,3.23244836307495,0.104340005590558,30.9799519827462,1.00399419028439e-210,5.17182507270245e-207,"CSD1"
"AT2G28190",1735.07386207064,2.66653043171262,0.0878204420086806,30.3634366979051,1.67018180927304e-202,6.88281923601419e-199,"CSD2"
"AT3G62760",211.460774888007,2.13350641973718,0.225266582337693,9.47102938037601,2.77099336711555e-21,4.92209640770827e-19,"ATGSTF13"
"AT5G25090",252.518435917112,2.03943484844046,0.437736908550026,4.65904247187186,3.1768365776835e-06,7.9633476500205e-05,"ENODL13"
"AT3G16150",167.980551861756,1.99693291254648,0.201608870608801,9.90498536357215,3.96028038904309e-23,7.41832521965753e-21,""
"AT1G12520",556.424207690366,1.62688202852886,0.125712359460904,12.9413053378798,2.63120457071484e-38,7.97293679111461e-36,"ATCCS"
"AT3G20360",77.572285788262,1.62471306295115,0.356890552704296,4.55241263922535,5.30341856836039e-06,0.000123337403612941,""
"AT4G20320",517.589056210174,1.5727423996787,0.117272130302227,13.411049970914,5.20959988808153e-41,1.70386993164952e-38,""
"AT2G26330",52.2544413609148,1.54735479619594,0.370093746151304,4.18098066310837,2.90254549912238e-05,0.00053209030257488,"ER"
"AT5G48480",412.50830414307,1.47413224320004,0.129097756787942,11.4187285656828,3.37129809879478e-30,8.3693490753815e-28,""
"AT3G15680",206.756707374551,1.43623460250601,0.172355524404223,8.33297689453589,7.88345518360191e-17,1.06867496090867e-14,""
"AT2G22330",65.7224898882552,1.41709409357693,0.272590850092983,5.19861210709587,2.00782017254507e-07,7.0962495120568e-06,"CYP79B3"
"AT4G10640",146.729847945544,1.29936913356223,0.202916913533897,6.40345405877256,1.51900577359718e-10,1.09821452508666e-08,"IQD16"
"AT2G44790",6869.09673768685,1.29787349717444,0.0891001161538909,14.5664624604169,4.59054315872449e-48,1.81900272664458e-45,"UCC2"
"AT2G47450",71.1878924873677,1.29752717122696,0.348405233700404,3.72418966685992,0.000195943577672339,0.00267555826238472,"CAO"
"AT3G50870",100.124912422333,1.25936344084239,0.22873489388936,5.5057775376045,3.67542422101649e-08,1.60449398461959e-06,"MNP"
"AT3G01710",128.382630669229,1.25758300212284,0.227870168870856,5.51885755100997,3.41210636619159e-08,1.49588195053995e-06,""
"AT2G14880",119.55876956823,1.23054013094901,0.220474788220575,5.58131902917584,2.38701338603903e-08,1.09542117637715e-06,""
"AT2G03505",352.139086515461,1.20809434293865,0.189448961579049,6.37688553618471,1.80725428570619e-10,1.28852853138326e-08,""
"AT5G62330",372.474772153337,1.1506536573356,0.15003447416526,7.66926177291879,1.72989069834924e-14,1.93719553475467e-12,""
"AT3G15720",199.388456155224,1.14912909410642,0.202495703256222,5.6748319871874,1.3882483996385e-08,6.79064474558261e-07,""
"AT1G04425",145.531220385918,1.14272591675389,0.203378510229559,5.61871515070137,1.92382724373874e-08,9.07104356000842e-07,""
"AT1G68825",139.131498187971,1.13720837004162,0.202498324832021,5.61589025975879,1.95552749061953e-08,9.19946208772039e-07,"DVL5"
"AT2G21050",551.569402034222,1.1312050886901,0.120109862819774,9.41808659283452,4.59382761861179e-21,7.95427042701647e-19,"LAX2"
"AT5G48130",58.5211031732069,1.10077731184416,0.306616861093017,3.59007429637153,0.00033058372163231,0.00408129274070327,""
"AT5G15725",87.2483381781864,1.09247296777691,0.250470718428037,4.36167937966286,1.29067914787124e-05,0.000264621331760068,""
"AT3G27850",185.297755084215,1.07311885831483,0.177199603585391,6.05598904626052,1.39557498937761e-09,8.43279256777879e-08,"RPL12-C"
"AT5G48360",594.290611701558,1.07049271639092,0.144921018288319,7.38673195258113,1.50481527568008e-13,1.55812657062251e-11,""
"AT2G46850",187.7516563966,1.0568350944826,0.196374745140983,5.38172611617583,7.37749554546845e-08,2.94599410299181e-06,""
"AT3G23550",72.152737343162,1.04135572917874,0.280186203070377,3.71665598722282,0.000201877021994574,0.00274204089531852,""
"AT2G37450",197.2697226751,1.03896386307002,0.190459200492008,5.45504685720666,4.89599331358353e-08,2.06725291447518e-06,""
"AT5G51910",111.990305819218,1.02170061911764,0.221547578724272,4.61165328459404,3.99478912544572e-06,9.76425028823358e-05,""
"AT4G13710",164.756520791752,1.01730063186072,0.210033309980383,4.84352044899797,1.27558586413614e-06,3.6203094670145e-05,""
"AT5G47240",59.5624770128922,1.01222971397124,0.332717218475304,3.04231238350044,0.00234768117587315,0.0198138954098018,"atnudt8"
"AT3G52910",353.324656674969,1.01171534927172,0.168015189395872,6.0215707455351,1.72732492722755e-09,1.01981461677718e-07,"AtGRF4"
"AT5G21080",120.664207682594,-1.00277574891001,0.216130279600595,-4.63968191205378,3.48945857017848e-06,8.66848209327929e-05,""
"AT2G01340",50.1968772982419,-1.01670259531533,0.326459014411302,-3.11433457320434,0.00184360305530752,0.0163386842815533,"At17.1"
"AT1G76780",53.0171619107374,-1.01689731511721,0.304317057896797,-3.34157185320209,0.000833054514834706,0.00864304545728556,""
"AT4G17670",78.3023287887151,-1.02113927695217,0.260603499215529,-3.91836364448678,8.91521387265475e-05,0.00138466220723448,""
"AT1G66180",140.554805427091,-1.02202456399513,0.267076558516307,-3.82671010017798,0.000129867308686673,0.00189512457187599,""
"AT5G07770",323.991744137722,-1.02803959925322,0.153764331980908,-6.68581319223538,2.29645818221223e-11,1.8269699167754e-09,""
"AT3G53950",62.4481518514596,-1.03561603783382,0.300884285743307,-3.44190802545712,0.000577626610181934,0.00647551485462391,""
"AT5G12010",389.382415365809,-1.03738572388436,0.156190752640742,-6.64178708627181,3.09902418042447e-11,2.40963748066589e-09,""
"AT5G57340",348.475356942039,-1.03959665944635,0.157520767170119,-6.5997435012719,4.11869747652082e-11,3.14317635198931e-09,""
"AT2G16700",71.0734548816752,-1.04246739450049,0.287103217293545,-3.63098471806616,0.000282341904160948,0.0035845070457402,"ADF5"
"AT4G15390",402.31626988166,-1.04325982689618,0.15185178242452,-6.87025078164457,6.40891364405427e-12,5.39002716880564e-10,""
"AT5G05090",78.7327737552105,-1.04344273964136,0.291738475187066,-3.57663739406431,0.000348042424699561,0.00426108981636034,""
"AT1G76180",4370.71593918218,-1.04934485496025,0.0993172159459082,-10.5655887044977,4.30260477502502e-26,9.13970839065881e-24,"ERD14"
"AT2G37150",154.165978540519,-1.0493857896316,0.1985316439535,-5.28573565772412,1.25200579948311e-07,4.66502341742304e-06,""
"AT2G23320",410.394936756504,-1.05221646980642,0.131250505870456,-8.01685649002338,1.0848574728e-15,1.29962140854907e-13,"WRKY15"
"AT5G53370",65.5207371386644,-1.05300416699547,0.329101657056943,-3.19963192045939,0.00137603197798541,0.0129584729919512,"ATPMEPCRF"
"AT1G70140",74.5485914644368,-1.0551619492594,0.325323173275602,-3.24342695491139,0.00118101088881624,0.0114786459264427,"ATFH8"
"AT3G62680",657.012767376618,-1.05533957083375,0.171274603016052,-6.16168160515218,7.19764615499942e-10,4.53539752366248e-08,"PRP3"
"AT1G79640",177.512046330157,-1.05684359350468,0.197605991820104,-5.34823657810339,8.88153235844263e-08,3.45943240540095e-06,""
"AT4G31000",336.23693070322,-1.06092386254543,0.130486179673095,-8.13054581874754,4.27361729385427e-16,5.21052570058386e-14,""
"AT3G13650",161.058860093467,-1.06653267191519,0.233797894032857,-4.56177193694187,5.0723726325105e-06,0.000118499136159727,""
"AT5G41550",113.413112902201,-1.06682489461902,0.223221931553078,-4.77921182384067,1.75983711550883e-06,4.77752882280099e-05,""
"AT5G49480",5568.7171996451,-1.06695407640644,0.0753131325708217,-14.1669060890956,1.46828218504639e-45,5.40249186122871e-43,"ATCP1"
"AT5G48020",1396.30581516346,-1.06957414938104,0.0959143039766304,-11.1513518321693,7.05266616439772e-29,1.61466873686017e-26,""
"AT3G18770",51.3745709936877,-1.0697630539965,0.312702383882091,-3.42102621897462,0.000623853176114861,0.00687773926904586,""
"AT1G80340",73.1398120052984,-1.06976752856403,0.258656529731556,-4.13586128938743,3.53625762069218e-05,0.000628143002365193,"GA4H"
"AT2G40340",121.085375293121,-1.06997023425775,0.241262978856364,-4.43487119047287,9.21273562186242e-06,0.000198565290259911,"DREB2C"
"AT1G71110",410.841441043512,-1.07054350024543,0.144821799902553,-7.39214331658472,1.44480671871866e-13,1.50354759793929e-11,""
"AT4G40090",565.308548387898,-1.07145132225822,0.147921245502734,-7.24339035016045,4.37605058061311e-13,4.29373915302539e-11,"AGP3"
"AT4G38860",71.4150772045784,-1.0729739567063,0.304385243192187,-3.52505248103906,0.000423398901073006,0.00504576885865198,""
"AT5G49990",128.104568232054,-1.07531273870527,0.209138629413141,-5.14162659343558,2.72370034084482e-07,9.35364092051793e-06,""
"AT3G49780",116.457681149329,-1.0777206053226,0.22414160216881,-4.80821317816283,1.52285324339938e-06,4.24606103927526e-05,"ATPSK4"
"AT1G05250",1317.50862773577,-1.07931708958458,0.143092279160386,-7.54280451690073,4.59970403870054e-14,4.98825798512761e-12,""
"AT1G14370",100.252405957588,-1.08027210543351,0.235123028655014,-4.5944972366724,4.33793876055909e-06,0.000104509255163876,"APK2A"
"AT4G34580",206.985246778989,-1.08061527741617,0.200331931357019,-5.39412399259689,6.88586578940674e-08,2.78202479589658e-06,"COW1"
"AT1G55290",56.0536216636543,-1.08278705806615,0.312043723538521,-3.4699850578231,0.000520487319415669,0.00591215061552362,""
"AT3G60330",277.446561184454,-1.09072523263191,0.172241497429138,-6.33253454546074,2.41166266800588e-10,1.64544070444574e-08,"HA7"
"AT2G39650",165.116374094292,-1.09330778293412,0.205434750453545,-5.32192231606577,1.0267642044754e-07,3.92513477425149e-06,""
"AT1G50970",128.989134956122,-1.09514554236993,0.200356525658575,-5.46598389431128,4.60346137302906e-08,1.95575920806729e-06,""
"AT3G19200",129.459566022178,-1.09822540990462,0.240248951014632,-4.57119752351274,4.84944899836921e-06,0.000114590477765364,""
"AT5G02890",129.972245562984,-1.10300264801601,0.224844239215716,-4.90563001241845,9.31279285602253e-07,2.75704162066587e-05,""
"AT2G14960",88.5645064187028,-1.10301217854944,0.363661634571665,-3.03307270740455,0.00242077267163158,0.020301188807069,"GH3.1"
"AT5G67360",4194.70494252628,-1.10374674446589,0.0797288302408491,-13.8437594171598,1.38755640763789e-43,4.92941375506529e-41,"ARA12"
"AT1G22180",61.0324151976308,-1.10859741967493,0.305730076681677,-3.62606594584147,0.000287771893117786,0.00364446211290227,""
"AT5G59030",269.399275328414,-1.11019475424441,0.156250939084735,-7.10520372387873,1.20145180955158e-12,1.13559240989956e-10,"COPT1"
"AT2G21790",2469.10906652853,-1.11227492892279,0.0784880043173141,-14.17127290466,1.37976630229085e-45,5.16910630158236e-43,"R1"
"AT2G26870",57.6652613811199,-1.11391392577202,0.316473225254533,-3.51977303886016,0.000431916221544992,0.00511767322882954,"NPC2"
"AT2G38210",52.0424199873244,-1.11542820750967,0.386026068291558,-2.88951524037286,0.00385836303723003,0.0293688845150073,"PDX1L4"
"AT1G65481",53.1342575145752,-1.11953703348002,0.335604977531152,-3.335877321355,0.000850306773827686,0.0087998850199495,""
"AT1G24150",132.662111668963,-1.12227322120234,0.202060101969899,-5.55415547285791,2.7895711849577e-08,1.25500249489199e-06,"ATFH4"
"AT5G62070",327.856378360468,-1.13112097567066,0.153651456317493,-7.36160269990155,1.81715130466172e-13,1.87212013162773e-11,"IQD23"
"AT1G14780",110.865436357495,-1.133375078338,0.218146598017458,-5.19547445909426,2.04198371274269e-07,7.18094779902184e-06,""
"AT5G43330",530.858953080017,-1.14729882875235,0.136781155313592,-8.38784279985057,4.95143693598422e-17,6.80162387106366e-15,""
"AT2G37650",82.9903867396799,-1.14914808825739,0.274868945355735,-4.18071269117057,2.90596851390821e-05,0.00053224427759181,""
"AT5G01840",87.7519099252763,-1.15139006963741,0.235200840808174,-4.89534844212766,9.81316961570106e-07,2.86809021179461e-05,"ATOFP1"
"AT3G26770",69.2026327562776,-1.15830406160813,0.297002600871387,-3.89997952277097,9.62008241872518e-05,0.00147267309240589,""
"AT3G13380",166.466665118877,-1.16158027410005,0.196798802088338,-5.90237471861567,3.58306190553029e-09,1.98465028396375e-07,"BRL3"
"AT5G17980",180.116337463167,-1.16566731298028,0.173090399566545,-6.7344423255094,1.64559860006381e-11,1.32451402946542e-09,""
"AT5G46050",102.084726889419,-1.16686782621019,0.230300022334511,-5.06672910571982,4.0470958190912e-07,1.33211516537339e-05,"ATPTR3"
"AT5G18310",763.02063746472,-1.16804178539627,0.124482309605832,-9.38319500252545,6.4003258472893e-21,1.08990672796195e-18,""
"AT1G58410",119.782901143894,-1.17282477588314,0.222885194806259,-5.26201292509629,1.42486747275761e-07,5.25212777749025e-06,""
"AT4G37180",367.07844435245,-1.17433695880663,0.139629214662753,-8.41039578746476,4.08629486780864e-17,5.6890611994052e-15,""
"AT1G64620",115.899032854529,-1.17631191140499,0.206571266694698,-5.69446046503418,1.23762658661516e-08,6.13011918682821e-07,""
"AT4G22070",94.998182901066,-1.17893742047925,0.24425295623842,-4.8267068642087,1.38809201836586e-06,3.90732732765418e-05,"WRKY31"
"AT1G49980",371.610566298324,-1.18173967726418,0.141333311510158,-8.36136693209262,6.19956965213691e-17,8.45974388624377e-15,""
"AT5G46780",141.527349549742,-1.18297896418349,0.19998675706516,-5.91528649968584,3.31298395416621e-09,1.84997383131693e-07,""
"AT4G37490",691.721810475912,-1.18333229555352,0.112321306978528,-10.5352432889668,5.9429407669969e-26,1.24953361738746e-23,"CYC1"
"AT5G64260",339.355349003953,-1.18334700694794,0.143077752401878,-8.27065694758854,1.33222871163939e-16,1.73737801286896e-14,"EXL2"
"AT2G32190",74.431433844994,-1.18434716974407,0.279220507600733,-4.24161957128741,2.21912610752007e-05,0.000423380494865288,""
"AT1G70520",55.5278506339834,-1.18456621477745,0.294674640753782,-4.01991230649274,5.82198083738448e-05,0.000961233294505667,"CRK2"
"AT5G18470",90.1307146788706,-1.18573905795012,0.24672598434715,-4.80589452743557,1.54061106760551e-06,4.28397989851708e-05,""
"AT3G10500",731.187017237125,-1.18666828082223,0.113555471426265,-10.4501198041591,1.46340251288202e-25,3.04579886645798e-23,"anac053"
"AT2G38230",463.187196392795,-1.19138339914658,0.444322909974261,-2.68134586896633,0.00733266847578558,0.0480394134133,"ATPDX1.1"
"AT3G03470",80.2813905276672,-1.19677041564318,0.249403860630541,-4.79852401890457,1.59839142571909e-06,4.40894984296411e-05,"CYP89A9"
"AT3G42860",200.164127128413,-1.2044265596773,0.165230272930595,-7.28938189300951,3.11380264051107e-13,3.08461074075628e-11,""
"AT5G22580",120.09097700447,-1.20446259664502,0.225713502282626,-5.33624521556913,9.48910520860336e-08,3.66147964088525e-06,""
"AT4G13390",89.5037113874995,-1.205527036475,0.276921068147795,-4.35332365478093,1.34088962044782e-05,0.000273554758706211,""
"AT2G25790",247.317393062764,-1.2092367734039,0.156576219715092,-7.7229912409703,1.1363098521626e-14,1.27943521878745e-12,""
"AT3G25250",1292.29905161449,-1.2126362677229,0.0879359740694107,-13.7899907353699,2.92797531635991e-43,1.02255815921349e-40,"AGC2-1"
"AT4G36620",226.765032785318,-1.21353146836077,0.153460727260144,-7.90776565462003,2.62049509045224e-15,3.05058199654059e-13,"GATA19"
"AT2G29330",269.987427943317,-1.21648258691268,0.173048078332083,-7.02973762342635,2.06922273240398e-12,1.87825261679225e-10,"TRI"
"AT5G01370",92.4245233144526,-1.22479681784368,0.235129939162922,-5.20902111489516,1.89839511198612e-07,6.79104709765175e-06,"ACI1"
"AT1G30990",130.068811332251,-1.22660662869875,0.204328510262242,-6.00311051612174,1.9357276193244e-09,1.13959050274798e-07,""
"AT2G46860",109.794617957201,-1.22886399180087,0.22225251791608,-5.52913417280103,3.2181514565577e-08,1.41991457735271e-06,"AtPPa3"
"AT3G49960",350.632982251254,-1.23154416310044,0.193093855512507,-6.37795625257829,1.7946675845669e-10,1.28399741597226e-08,""
"AT4G37320",58.2516780126853,-1.23382197548392,0.303452399447499,-4.06594898485022,4.78374002852579e-05,0.000819359628327297,"CYP81D5"
"AT5G49300",129.899952785308,-1.24348998940958,0.213925679932936,-5.81271958466791,6.14659767641717e-09,3.24745243904041e-07,"GATA16"
"AT4G24960",238.195998110401,-1.24641164029424,0.177294934114508,-7.03015935858171,2.06297783651001e-12,1.87825261679225e-10,"HVA22D"
"AT3G02535",140.555903728371,-1.24890032169738,0.200235518988089,-6.23715676423854,4.4559539791054e-10,2.86921661685833e-08,""
"AT2G15580",133.346266867094,-1.24968101216157,0.211068476063369,-5.9207373619658,3.20501347917734e-09,1.79454627006655e-07,""
"AT5G57625",274.311968344957,-1.25673503933831,0.396324515024922,-3.17097477368839,0.00151928336142188,0.0140589373036948,""
"AT4G31800",91.8220848077804,-1.25936655946885,0.245184420003646,-5.13640532073825,2.80043333912617e-07,9.56930828402897e-06,"WRKY18"
"AT3G02400",192.018918172336,-1.26701660269376,0.182284251033709,-6.9507738354174,3.63287884795465e-12,3.1718418924621e-10,""
"AT5G04960",332.604298093992,-1.27849876313221,0.200549207603488,-6.37498785664598,1.82977449266361e-10,1.29318344259133e-08,""
"AT1G44830",142.725580989688,-1.27907738590922,0.245882818203849,-5.20197952525824,1.97176953163146e-07,6.99282464703378e-06,""
"AT3G47740",58.4017996642382,-1.28628826083416,0.300855247029785,-4.27543901438693,1.90761015920482e-05,0.000370464725074602,"ATATH2"
"AT5G18270",333.465291524205,-1.28985917768319,0.15884183013518,-8.12039987568431,4.64650169177638e-16,5.6318333740619e-14,"ANAC087"
"AT4G25810",114.441244819603,-1.29051908372876,0.22269548172672,-5.79499446384107,6.83234348771379e-09,3.54610673965598e-07,"XTR6"
"AT3G09390",303.787728646052,-1.29125694340226,0.152862282423025,-8.4471913079833,2.98394542520646e-17,4.21124626619035e-15,"MT2A"
"AT2G42660",112.24220265177,-1.29944668025396,0.22203615163205,-5.85241038768929,4.84499310611108e-09,2.62023839767504e-07,""
"AT1G31280",448.020880199888,-1.30569255332699,0.126184415226445,-10.3474945854752,4.2958028614193e-25,8.59369106403346e-23,"AGO2"
"AT5G17760",180.700190515739,-1.31083090538192,0.186296890931429,-7.03624681457731,1.97486995173919e-12,1.80854201580382e-10,""
"AT5G67400",337.683452871306,-1.3198337861018,0.187779538311822,-7.0286347382009,2.08564162587450e-12,1.88485288162913e-10,"RHS19"
"AT5G26170",88.6972971033649,-1.32013517294633,0.241331649102693,-5.47021154438216,4.49498733330984e-08,1.91362012402581e-06,"WRKY50"
"AT2G28570",58.6859393230541,-1.32221830047119,0.34059080155444,-3.88213156208756,0.000103544828469091,0.00156303383927152,""
"AT1G32860",663.859011148809,-1.32439247157545,0.11214379209804,-11.8097707131004,3.47507648254629e-32,8.95049386535829e-30,""
"AT4G19130",252.688607164539,-1.32535955214899,0.161743555075609,-8.19420317260511,2.52258657975398e-16,3.15017554398974e-14,""
"AT1G63440",177.121924330244,-1.34477106540906,0.190640652824859,-7.05395751369195,1.73899496100264e-12,1.60681574759907e-10,"HMA5"
"AT4G39830",109.613699697078,-1.36849984382427,0.215237224187228,-6.3581002263524,2.04264184190617e-10,1.42191334974583e-08,""
"AT5G53550",904.470627463792,-1.38189427582908,0.10503153684179,-13.1569461647567,1.55234322997506e-39,4.84636852327821e-37,"YSL3"
"AT1G59660",490.059558857023,-1.38261784091773,0.127016163264399,-10.8853692741423,1.3534894612686e-27,2.99877960746661e-25,""
"AT3G16220",53.2531359071239,-1.38272531623405,0.31377260620863,-4.40677512591607,1.04921015265623e-05,0.000220601787708996,""
"AT2G34650",116.10577035747,-1.38467811773512,0.259174521714203,-5.34264752791568,9.15987677876061e-08,3.55441169541172e-06,"PID"
"AT5G45350",498.427243819874,-1.39445715155579,0.123971798454208,-11.2481803841126,2.36419033629251e-29,5.59932665279393e-27,""
"AT1G01470",381.510729947021,-1.39653785716745,0.170052582743865,-8.21238839559955,2.16831566485441e-16,2.77504001703882e-14,"LEA14"
"AT4G22780",50.3453641616585,-1.41277124178771,0.326858543149857,-4.32227112124153,1.54431252932767e-05,0.000309237703273048,"ACR7"
"AT1G02670",95.3086012346441,-1.42271257918703,0.240148323075509,-5.92430778181901,3.1361559915657e-09,1.77042449880031e-07,""
"AT1G53440",69.0954036123694,-1.42480965557667,0.286538394590513,-4.97249123494547,6.60979605541476e-07,2.02069507005669e-05,""
"AT1G51130",262.419240899919,-1.42682881259839,0.161664210532367,-8.82587932047409,1.08603087666267e-18,1.69527774345715e-16,""
"AT2G39660",188.888039945404,-1.4293609864275,0.166969791857328,-8.56059632420731,1.1228521112398e-17,1.65259769657829e-15,"BIK1"
"AT3G52115",257.102721813849,-1.43146610576664,0.166555567843441,-8.59452568473838,8.36094267510136e-18,1.24838567985843e-15,"ATGR1"
"AT5G02220",102.935138679352,-1.43711109781112,0.248345178850691,-5.78674852663493,7.17618847531521e-09,3.69076192795605e-07,""
"AT2G18000",137.626973278095,-1.43918979658032,0.198818535223994,-7.23871038964702,4.5297111746621e-13,4.42344543857405e-11,"TAF14"
"AT2G30140",176.377344041977,-1.44142417387099,0.173485430487424,-8.30861801951421,9.68230492571792e-17,1.28712189028657e-14,""
"AT5G05180",146.372503147226,-1.44369741328401,0.196646668098529,-7.34158085282507,2.11085573432498e-13,2.16388967192867e-11,""
"AT5G23910",547.956442430364,-1.44607450689123,0.121389035164246,-11.912727578192,1.01598494546076e-32,2.68389356425884e-30,""
"AT2G31320",781.95122257837,-1.44849557886931,0.101675707035024,-14.2462306986501,4.73138549158916e-46,1.80537403804064e-43,"PARP2"
"AT4G25170",69.4979725266607,-1.45132152547843,0.354450873369848,-4.09456326536983,4.22964911286695e-05,0.000737325888076341,""
"AT3G14560",55.3450374048985,-1.45405460813353,0.297823256398855,-4.88227355282897,1.04869636459293e-06,3.04343501301935e-05,""
"AT3G19040",51.0663475252828,-1.45522001254558,0.313591740051154,-4.64049216445626,3.47580356090896e-06,8.64962951359046e-05,"TAF1"
"AT5G47050",347.020641787695,-1.45657284671461,0.129764405805183,-11.2247487103774,3.08261514933111e-29,7.21787331272357e-27,""
"AT5G47070",62.6949564809491,-1.47173738800782,0.300522633749768,-4.8972597159962,9.71823570768475e-07,2.85248214753339e-05,""
"AT1G53090",74.0525324397931,-1.47709508162297,0.260476461402561,-5.67074304399485,1.42179510181917e-08,6.90945473419433e-07,"SPA4"
"AT1G60030",59.093657650108,-1.48325858072398,0.289275990890665,-5.12748595608336,2.93636876759101e-07,9.95129579871922e-06,"ATNAT7"
"AT4G35740",431.683282192421,-1.50753538396622,0.137694642984039,-10.9483953136868,6.76351724398064e-28,1.51480731317632e-25,"RecQl3"
"AT5G13210",87.4688602964023,-1.51625674328873,0.26008431714686,-5.82986609851049,5.54718696448134e-09,2.96113438868233e-07,""
"AT1G08260",1784.30006906037,-1.52023877700523,0.108487218255,-14.0130680964821,1.29679314363432e-44,4.68779346045355e-42,"EMB142"
"AT4G08400",353.456565710561,-1.53336271344857,0.376098164881089,-4.07702790555591,4.56150200995217e-05,0.000786525095523552,""
"AT1G32870",86.511663171663,-1.54266588239188,0.254485068862106,-6.06191117337333,1.34513500779923e-09,8.15191377520678e-08,"ANAC13"
"AT5G57530",79.3694587865002,-1.54798712710432,0.3410889045775,-4.53836846150649,5.66911408292119e-06,0.000130808617781177,"XTH12"
"AT2G30360",677.977826156482,-1.54914169341283,0.123266558764321,-12.5674125159501,3.18993923104488e-36,9.12898581328885e-34,"CIPK11"
"AT1G74440",62.2331336171716,-1.54964774920416,0.294187768207674,-5.2675465014923,1.38259145352376e-07,5.11459549369068e-06,""
"AT4G27970",181.717095703093,-1.55848913715252,0.185655081050396,-8.39454071676856,4.67718916228174e-17,6.46801897240371e-15,"SLAH2"
"AT4G25820",255.866493773067,-1.55858744225467,0.176209944370505,-8.84505949889828,9.14795542892045e-19,1.43888260773211e-16,"XTR9"
"AT5G57540",58.5085922421232,-1.55997036827264,0.314583525342621,-4.95884317709783,7.09141813179982e-07,2.14564861388745e-05,"XTH13"
"AT5G06640",309.885842240637,-1.57298968875783,0.184439859397308,-8.52846935525687,1.48296770513162e-17,2.16713117476859e-15,""
"AT1G73680",144.248801033162,-1.58107307185904,0.198721580021071,-7.95622232719462,1.77371557646828e-15,2.07655735529141e-13,"ALPHA DOX2"
"AT5G06630",202.393842139255,-1.58258128927096,0.251793630589966,-6.28523162227295,3.27365239446951e-10,2.16892628900464e-08,""
"AT5G07100",62.9240445799891,-1.58732242999946,0.294597621001689,-5.38810335467833,7.12051030665855e-08,2.86000223915593e-06,"WRKY26"
"AT1G08270",162.896970479221,-1.59929387374258,0.212268800696888,-7.53428609617627,4.91013670932802e-14,5.29703491600544e-12,""
"AT4G08410",394.952714855413,-1.60224840859819,0.138749822766892,-11.5477510287711,7.57774403286423e-31,1.92764710860701e-28,""
"AT4G38410",105.776572682715,-1.61106094154007,0.240180690870889,-6.70770383621767,1.97710680341482e-11,1.58514730289348e-09,""
"AT5G59520",1433.5246646354,-1.61331534391402,0.105539419785291,-15.2863768551707,9.42497645044912e-53,4.31559199470009e-50,"ZIP2"
"AT1G17460",227.481535136562,-1.62433296124049,0.161626496348727,-10.0499175440629,9.19443213614448e-24,1.75417846449312e-21,"TRFL3"
"AT1G70250",82.7552026357398,-1.6297062910055,0.260812543610633,-6.24857327965977,4.14218876625204e-10,2.7009430230577e-08,""
"AT5G40840",724.709286098228,-1.63592114137629,0.10751911749874,-15.2151652602196,2.80510211423e-52,1.22976870348317e-49,"SYN2"
"AT1G30475",291.97775417413,-1.63886641176995,0.144408323764593,-11.3488361961846,7.51563678964449e-30,1.82187877706617e-27,""
"AT5G11420",621.96728479299,-1.63959420004961,0.151643437997465,-10.8121671580475,3.01462754812896e-27,6.60812772651034e-25,""
"AT2G24980",332.794080573503,-1.64837885049522,0.198486722135917,-8.30473108103654,1.00045778627818e-16,1.32143799270909e-14,""
"AT5G51580",98.3837903236073,-1.66262795849615,0.251803547144402,-6.60287743104225,4.03252938910263e-11,3.08885754879032e-09,""
"AT3G46080",62.4328162737638,-1.66525435130992,0.295720372886823,-5.63117899201094,1.78981854843061e-08,8.51713884305143e-07,""
"AT3G49380",62.5118922805645,-1.66641647595415,0.303059421793213,-5.49864599521081,3.82718596246243e-08,1.66369550119279e-06,"iqd15"
"AT5G20830",267.317615209764,-1.67368773458072,0.18255766128511,-9.16799504769527,4.8189815423315e-20,8.00767053868875e-18,"SUS1"
"AT3G56240",3135.85903162809,-1.67581015719606,0.114325531488765,-14.6582319397373,1.1934020132109e-48,4.91800969644211e-46,"CCH"
"AT3G28210",96.9948108705124,-1.67973571859246,0.235309068481901,-7.13842322112488,9.44075781374702e-13,9.09003807253539e-11,"PMZ"
"AT2G47260",50.6356642926598,-1.68498858269978,0.314839913857897,-5.3518899876853,8.70403121483425e-08,3.39671521177386e-06,"WRKY23"
"AT4G02110",810.18965621579,-1.69143141578768,0.100912985333161,-16.7612860743687,4.68381949225514e-63,2.60838109832208e-60,""
"AT4G29170",287.081860160336,-1.70416365729202,0.149425863496404,-11.4047435793003,3.95942254067098e-30,9.71236922030065e-28,"ATMND1"
"AT2G32930",240.423097225839,-1.72633811471248,0.165920544107183,-10.4046073619267,2.36227913725102e-25,4.81928332901558e-23,"ZFN2"
"AT1G14720",415.82184879914,-1.7421485804998,0.127908077745331,-13.6203171152996,3.03248111420936e-42,1.0414045559714e-39,"XTR2"
"AT3G53540",381.755572132032,-1.76320412432465,0.131014354531605,-13.4580987757285,2.75924775421481e-41,9.17004838316066e-39,""
"AT2G21640",93.5072733178977,-1.76752171138047,0.241897035889234,-7.30691761014315,2.73340038476214e-13,2.7744687156662e-11,""
"AT3G17690",59.5476319775304,-1.77520537809186,0.382624995279776,-4.63954367851434,3.49179332075797e-06,8.66848209327929e-05,"ATCNGC19"
"AT2G30250",148.726949810073,-1.7910841921322,0.219514724914632,-8.15928950929711,3.37001009102822e-16,4.13327725747836e-14,"WRKY25"
"AT3G53230",314.709193223809,-1.82985638391769,0.154667174431627,-11.8309291589639,2.70134825747246e-32,7.0457317525595e-30,""
"AT2G37640",78.5088262417438,-1.87338908533256,0.270753232647634,-6.91917532069004,4.54280373129571e-12,3.86795334228711e-10,"ATEXPA3"
"AT4G39780",69.4578994413351,-1.92804619951611,0.302798190096892,-6.36742973562412,1.92222058311919e-10,1.34718894949561e-08,""
"AT5G07620",94.4128581003723,-1.95902858020012,0.276227053759951,-7.09209526559471,1.32096523647045e-12,1.23720403170335e-10,""
"AT5G14930",377.032129777795,-1.96423934673042,0.130473904124744,-15.0546529584371,3.217835212117e-51,1.38132280303481e-48,"SAG101"
"AT4G13550",244.324237467437,-1.97014345627711,0.17086188228949,-11.530620111858,9.24752034768234e-31,2.32372142395115e-28,""
"AT2G47020",1014.94040331783,-1.97115030090861,0.0916216896258153,-21.514013864608,1.15100831278687e-102,1.18582631424867e-99,""
"AT1G13330",166.89444875601,-1.98450969376126,0.191451887073451,-10.3655791755132,3.55597640332376e-25,7.18342095985157e-23,"AHP2"
"AT5G49110",334.675580931608,-1.98682417598666,0.157005348759222,-12.6544999370281,1.05646108634891e-36,3.06596911045342e-34,""
"AT1G27730",128.97827406675,-2.00373272126092,0.262612683414954,-7.62999218166024,2.34767949396598e-14,2.6007492458693e-12,"STZ"
"AT1G35230",68.5178900346443,-2.00837040031459,0.285128964404719,-7.04372635206523,1.87165555297346e-12,1.72167244058116e-10,"AGP5"
"AT5G09290",69.6688368135153,-2.01901187016606,0.290657861087467,-6.94635219089595,3.74852278901863e-12,3.25900050918687e-10,""
"AT1G07610",141.64196811037,-2.02207044673615,0.217544404300334,-9.29497797582766,1.47236680255236e-20,2.46651365582044e-18,"MT1C"
"AT3G29410",90.1303358514688,-2.0277879288887,0.265887962890787,-7.62647510192707,2.41259497957686e-14,2.65837002963536e-12,""
"AT1G27720",134.545123972223,-2.04205664197605,0.214888307501902,-9.50287461293342,2.04174675465125e-21,3.69036770873589e-19,"TAF4"
"AT5G14180",149.268248004701,-2.04718680561244,0.238136861994521,-8.59668170843511,8.20541578747144e-18,1.23410651314488e-15,"MPL1"
"AT3G51890",60.3159855147258,-2.05266480033087,0.307558234738591,-6.67406874043069,2.48806982739477e-11,1.94930337617754e-09,""
"AT5G51730",215.17817153797,-2.06366293662869,0.172393914820211,-11.9706251742173,5.0645567757116e-33,1.3552622384875e-30,""
"AT2G47680",575.896977311274,-2.06843970684219,0.112997651839873,-18.3051565511587,7.52753186089453e-75,5.34844117219765e-72,""
"AT4G04620",116.201864171411,-2.07044267414645,0.262655515916071,-7.88273060600045,3.20303138573565e-15,3.66658120572684e-13,"ATG8B"
"AT1G36180",553.321159710975,-2.09388609019908,0.12830763235436,-16.3192637240486,7.19987348135405e-60,3.90403666008685e-57,"ACC2"
"AT1G03440",164.091419649589,-2.10583104271263,0.208069459094062,-10.1208079834563,4.46712534486165e-24,8.76620168865469e-22,""
"AT4G18510",85.8287883477653,-2.12219408744828,0.256708180975572,-8.26695152208735,1.37427810832299e-16,1.78094342276699e-14,"CLE2"
"AT2G41100",265.417040983372,-2.13670428793334,0.22755484413025,-9.38984312155673,6.00896895237661e-21,1.03179004386433e-18,"TCH3"
"AT4G02520",55.2025193792752,-2.14492221209168,0.369354738477404,-5.80721455187964,6.35207175842634e-09,3.3388887393463e-07,"ATGSTF2"
"AT1G07590",1399.86268767593,-2.23298826522142,0.107325195413731,-20.8058159746499,3.83380936367643e-96,3.43459312776317e-93,""
"AT5G57560",337.567047977207,-2.27933008677134,0.190074835818676,-11.991750917232,3.92519344718194e-33,1.0641922497261e-30,"TCH4"
"AT3G27060",5581.03817276379,-2.29219136100237,0.0830729015797328,-27.5925279773976,1.3678838351536e-167,3.52315580291748e-164,"TSO2"
"AT1G07600",145.982216446613,-2.294092188485,0.267973441320043,-8.56089386016859,1.11995777141532e-17,1.65259769657829e-15,"MT1A"
"AT5G67460",361.22814351312,-2.31523803672641,0.150614579098613,-15.3719384310767,2.52500044558559e-53,1.20994498096026e-50,""
"AT3G48610",132.382085339113,-2.35726286314035,0.219906639128062,-10.7193801537188,8.25547189530067e-27,1.79056840423864e-24,"NPC6"
"AT2G45460",441.132737452488,-2.37701109683962,0.133839839437479,-17.7601161719116,1.43936355935566e-70,9.56712456145914e-68,""
"AT5G20850",457.953086377432,-2.40431108422379,0.136817440573084,-17.5731330315267,3.95703184164869e-69,2.47074669991428e-66,"ATRAD51"
"AT4G15630",65.6742060328108,-2.43803157111957,0.348573480798164,-6.9943116887061,2.66564351137033e-12,2.37773093297774e-10,""
"AT5G22800",265.352062099041,-2.43815385405859,0.165474995022789,-14.7342736207534,3.88350461697753e-49,1.63305331903719e-46,"EMB86"
"AT3G50930",376.014595193044,-2.47234467903675,0.194978739164064,-12.68007316919,7.62606458060682e-37,2.24478658119148e-34,"BCS1"
"AT3G24770",115.284910217789,-2.48181340038884,0.246281873217145,-10.0771257257762,6.97362558793329e-24,1.34291173120902e-21,"CLE41"
"AT2G37240",195.814902381777,-2.51650068455544,0.20981638956261,-11.9938232175352,3.82819153430052e-33,1.05173182085683e-30,""
"AT5G66130",290.902035298032,-2.53394867007678,0.158259982006217,-16.0113039187458,1.06553176222302e-57,5.35494681965985e-55,"ATRAD17"
"AT5G58070",972.08468079604,-2.5821977664457,0.123944673191188,-20.8334710961122,2.15279476907276e-96,2.01628800985201e-93,"ATTIL"
"AT1G33790",264.760261878065,-2.5953331267913,0.468577391818298,-5.53875020883999,3.04637781603415e-08,1.34700890342025e-06,""
"AT1G05710",266.289561624929,-2.63584361266578,0.184944243701407,-14.2520986861389,4.35008899093786e-46,1.69119969166556e-43,""
"AT2G46610",304.82038882597,-2.67874191457176,0.164181613524838,-16.3157241365916,7.62960420841846e-60,4.03097422344776e-57,"RS31a"
"AT1G02930",86.8699618458806,-2.72189795855493,0.312065448954448,-8.72220224210802,2.72842433181438e-18,4.22700626744626e-16,"GSTF6"
"AT1G55200",107.026673660528,-2.72521015172706,0.265088860099092,-10.2803646698256,8.64000700445066e-25,1.71180138775679e-22,""
"AT5G55490",174.694932224984,-2.7487840411622,0.21071432442708,-13.0450744088518,6.77907777572589e-39,2.08481936669898e-36,"ATGEX1"
"AT5G11460",390.149869606767,-2.76126586039342,0.157326777499815,-17.5511499331172,5.82878304155214e-69,3.53241395797594e-66,""
"AT5G46590",58.4256994964146,-2.77667307344086,0.33871512437259,-8.1976648624243,2.45101537514529e-16,3.07946169541883e-14,"anac096"
"AT5G56780",196.709263079832,-2.78669255592485,0.190206552567673,-14.6508756838615,1.3299058077835e-48,5.37308022929001e-46,"ATET2"
"AT5G48720",1882.82324733244,-2.79454773866689,0.098358032270129,-28.4119931455317,1.43770275817633e-177,4.93731088870387e-174,"XRI"
"AT3G07800",1289.78169773925,-2.84199696987838,0.114501149450878,-24.8206850630579,5.36171425328372e-136,9.20651018240926e-133,""
"AT4G01450",56.4134961252462,-2.86104578990927,0.384530510933612,-7.44036092991128,1.00410575062747e-13,1.05023345135426e-11,""
"AT3G16770",165.874323783235,-2.88462530996524,0.218882723393754,-13.1788624759388,1.1612859335434e-39,3.68127640933256e-37,"RAP2.3"
"AT1G21520",51.6414208761958,-2.90466496108053,0.362563149623986,-8.01147321257816,1.13342424676762e-15,1.34995413899692e-13,""
"AT4G21070",1177.76471330996,-2.97426425727117,0.108162056370207,-27.4982221777582,1.84371603696968e-166,4.22108543797336e-163,"ATBRCA1"
"AT1G05490",122.301827804401,-2.98483101160105,0.241065731616838,-12.3818138380004,3.27848526322253e-35,9.12880930387842e-33,"chr31"
"AT2G47010",144.527376316781,-3.00690414066654,0.23459893225694,-12.8172115351884,1.3133947952129e-37,3.92210141382057e-35,""
"AT5G07610",436.379760135392,-3.21358692713831,0.163491955206809,-19.6559330584387,5.14344694229033e-86,4.23922896983569e-83,""
"AT4G28950",529.273509717734,-3.21630910399189,0.144964943374838,-22.1868061968294,4.60563302212059e-109,5.93119177629968e-106,"ARAC7"
"AT3G10930",59.2728482831435,-3.23926357900238,0.38095207684635,-8.50307368270071,1.846356314738e-17,2.62373599070182e-15,""
"AT2G18193",2362.3442691216,-3.24548375813198,0.0994219055796762,-32.6435481115484,9.8939185258999e-234,1.01932095613084e-229,""
"AT4G02390",951.714094999613,-3.24835631338481,0.11768518497097,-27.6020835943463,1.05044120211613e-167,3.09204870994326e-164,"APP"
"AT1G75690",64.9117172587524,-3.32041509146717,0.356640155912761,-9.31026704766075,1.27511343993094e-20,2.1535829860473e-18,""
"AT1G66040",104.57766569789,-3.37187920432683,0.298454979182313,-11.2977817075288,1.34574461686862e-29,3.2243102128579e-27,"VIM4"
"AT3G22910",51.8254207863441,-3.39908183312121,0.465871742480212,-7.29617515547336,2.9606343580544e-13,2.99038583077014e-11,""
"AT4G34510",53.0139706197137,-3.41220471708287,0.401055956113601,-8.50805147029496,1.76880676773094e-17,2.56663827106309e-15,"KCS17"
"AT1G35910",230.313703808433,-3.5364889432309,0.210163773506842,-16.8273003678046,1.53963771107464e-63,8.81228751019251e-61,"TPPD"
"AT5G03780",548.830961021025,-3.53915093250193,0.143271325419845,-24.7024372960238,1.0068965657212e-134,1.48193598119181e-131,"TRFL10"
"AT3G61630",84.4611133058085,-3.55347010759908,0.323227350884489,-10.9937172639483,4.09697251884055e-28,9.27671634623181e-26,"CRF6"
"AT5G58610",62.6253358804397,-3.55885408084024,0.375642175414359,-9.47405353755758,2.69189905216847e-21,4.82318086695055e-19,""
"AT3G07540",195.446000451501,-3.60435749385472,0.235234088042464,-15.3224284960098,5.41557176839056e-53,2.53608764290199e-50,""
"AT5G24380",257.495442803501,-3.67500758852757,0.208897366917093,-17.5924074236231,2.81653603143548e-69,1.8135851539915e-66,"YSL2"
"AT3G45730",220.293038869893,-3.83502925860789,0.227783396354016,-16.8362985186487,1.32254932717204e-63,7.78603682467994e-61,""
"AT3G26830",55.1105198101256,-3.94097222033718,0.441904779737474,-8.91814798355072,4.74150565424142e-19,7.57354449656159e-17,"PAD3"
"AT4G37030",139.75300465391,-4.0031146451513,0.300447145285337,-13.3238564851382,1.68190083294764e-40,5.41493229107597e-38,""
"AT1G68200",52.6987461739363,-4.13307012187166,0.455395587288614,-9.07577990924244,1.12866257808406e-19,1.84572162074778e-17,""
"AT5G24280",598.921138148751,-4.23978878415859,0.156258410663156,-27.1331876867623,3.9986041867507e-162,8.23912392679982e-159,"GMI1"
"AT3G58270",474.078362545941,-4.3080015734244,0.166609855654351,-25.8568231543384,2.03908426311984e-147,3.81957556741676e-144,""
"AT2G38340",94.022836341979,-4.53539299975768,0.366182572516286,-12.3856058156781,3.12714490299948e-35,8.82668777072661e-33,"DREB19"
"AT1G30040",173.505999848034,-4.53761432888135,0.282393930171442,-16.0683847776988,4.25017189653174e-58,2.18936979820091e-55,"ATGA2OX2"
"AT5G14570",951.855305220986,-4.8657371322822,0.150082116664441,-32.420499126896,1.41150733248121e-230,9.69470286192513e-227,"ATNRT2.7"
"AT5G64060",314.352508379455,-5.00956155410712,0.230179817236941,-21.763687252173,5.12565821653114e-105,5.86745486397912e-102,"anac103"
"AT3G01600",336.973884804112,-5.03483003218189,0.229827084524224,-21.9070352069459,2.22610173299301e-106,2.69816624754829e-103,"anac044"
"AT1G71200",237.650988850555,-5.0811299850008,0.267360924325571,-19.0047591951522,1.55759168052599e-80,1.23439140681684e-77,""
"AT5G23980",162.955499880299,-5.12084675564541,0.328769833930223,-15.5757804614527,1.06347060234894e-54,5.21733613366666e-52,"ATFRO4"
"AT2G18600",216.737870424433,-5.13490131418739,0.283360239708545,-18.1214602283968,2.15791138979481e-73,1.48212547289074e-70,""
"AT1G52315",240.586028695409,-5.1551232908681,0.276159524999604,-18.6671935030142,9.15382846453689e-78,6.98572724117714e-75,""
"AT4G22960",373.102397926686,-5.16536162189656,0.238172723948842,-21.6874608320223,2.69454803727264e-104,2.92216643726331e-101,""
"AT5G49520",263.98824564267,-5.17496392908641,0.261734994592369,-19.7717692933878,5.21158599045637e-87,4.47436372222307e-84,"WRKY48"
"AT1G30660",55.3757606180398,-5.26652848494582,0.576964849574015,-9.12798845342867,6.97838213846312e-20,1.15031651170426e-17,""
"AT3G27630",328.309843734551,-5.36597841819673,0.250590740598458,-21.4133148151514,1.00410371697228e-101,9.85217004200657e-99,""
"AT4G25100",5336.1526237561,-5.5696119027195,0.112306186387076,-49.5930997382744,0,0,"FSD1"
"AT2G47780",50.0925188275285,-5.5824067165525,0.662182183201605,-8.43031851077894,3.44725637700325e-17,4.83202160871783e-15,""
"AT2G47015",66.5302656515474,-5.60220533925499,1.54792568207465,-3.61916944988372,0.000295550069475752,0.0037201033485326,"MIR408"
"AT5G07165",76.5214917107429,-5.6234526045234,0.538260914726662,-10.4474474193971,1.5052193860432e-25,3.10150454494202e-23,""
"AT5G61740",141.894848670424,-5.66514971891652,0.418500216145546,-13.5367904253275,9.48431314969842e-42,3.20367659753338e-39,"ATATH14"
"AT2G24255",64.8146097937184,-5.74123289454463,0.599032895267478,-9.58416965061838,9.32043167423799e-22,1.69953535086437e-19,""
"AT5G60250",440.639204855154,-5.89973063833022,0.250216086769974,-23.5785425089551,6.39946163218448e-123,8.79072712874409e-120,""
"AT5G15380",53.642216582832,-5.96529933537861,0.701316318634681,-8.50586130234616,1.80252350075107e-17,2.59185545653861e-15,"DRM1"
"AT4G23140",83.8894114226707,-6.10444006601837,0.604023431773723,-10.106296784038,5.18055881500689e-24,1.00703221116242e-21,"CRK6"
"AT1G20750",322.724216073979,-6.42340178653312,0.346158802783151,-18.556228340543,7.26281018311276e-77,5.34465013653709e-74,""
"AT3G46900",205.065882724871,-6.52609686821121,0.428365029851879,-15.2348964397673,2.07455589307906e-52,9.29265742975957e-50,"COPT2"
"AT5G23990",707.581154921925,-6.79701409469008,0.274033838795471,-24.8035575626962,8.20662231098919e-136,1.30074963629179e-132,"ATFRO5"
"AT5G61890",80.1537959421086,-6.87063716052086,0.759179971524027,-9.05007694911695,1.42867626052832e-19,2.3179428620619e-17,""
"AT5G07310",56.2928992771968,-7.36484671689518,1.05758109839657,-6.96386000852443,3.31073609130668e-12,2.92354691187823e-10,""
"AT2G25370",53.0357064467463,-8.17961169273491,1.21011387459015,-6.75937353044998,1.3858967282615e-11,1.12871154489439e-09,""
